Track URI,Track Name,Album Name,Artist Name(s),Release Date,Duration (ms),Popularity,Explicit,Added By,Added At,Genres,Record Label,Danceability,Energy,Key,Loudness,Mode,Speechiness,Acousticness,Instrumentalness,Liveness,Valence,Tempo,Time Signature
spotify:track:7l1qvxWjxcKpB9PCtBuTbU,"Count on Me","Doo-Wops & Hooligans","Bruno Mars",2010-05-11,197469,77,false,kavya1287,2020-12-03T07:17:13Z,"","Atlantic Records",0.589,0.389,0,-5.972,1,0.028,0.851,0,0.0772,0.501,89.1,4
spotify:track:161DnLWsx1i3u1JT05lzqU,"Talking to the Moon","Doo-Wops & Hooligans","Bruno Mars",2010-05-11,217866,85,false,kavya1287,2020-12-03T07:17:21Z,"","Atlantic Records",0.498,0.59,1,-4.721,0,0.032,0.511,0,0.107,0.0784,145.867,4
spotify:track:22PMfvdz35fFKYnJyMn077,"Marry You","Doo-Wops & Hooligans","Bruno Mars",2010-05-11,230192,79,false,kavya1287,2020-12-03T07:17:31Z,"","Atlantic Records",0.621,0.82,10,-4.865,1,0.0367,0.332,0,0.104,0.452,144.905,4
spotify:track:1ExfPZEiahqhLyajhybFeS,"The Lazy Song","Doo-Wops & Hooligans","Bruno Mars",2010-05-11,189109,76,false,kavya1287,2020-12-03T07:17:35Z,"","Atlantic Records",0.794,0.711,8,-5.124,0,0.0699,0.3,0,0.0955,0.955,174.915,4
spotify:track:5MMLS3xm12D7N26xlfFApr,"Runaway Baby","Doo-Wops & Hooligans","Bruno Mars",2010-05-11,148448,74,false,kavya1287,2020-12-03T07:17:39Z,"","Atlantic Records",0.658,0.762,10,-3.028,0,0.0425,0.263,0,0.127,0.823,163.864,4
spotify:track:5BmKRyAjCnvkko7Ms00YtA,"Our First Time","Doo-Wops & Hooligans","Bruno Mars",2010-05-11,243004,60,false,kavya1287,2020-12-03T07:17:43Z,"","Atlantic Records",0.709,0.45,9,-8.267,0,0.0428,0.419,0,0.241,0.873,77.986,4
spotify:track:7BqBn9nzAq8spo5e7cZ0dJ,"Just the Way You Are","Doo-Wops & Hooligans","Bruno Mars",2010-05-11,220734,87,false,kavya1287,2020-12-03T07:17:47Z,"","Atlantic Records",0.635,0.841,5,-5.379,1,0.0422,0.0134,0,0.0622,0.424,109.021,4
spotify:track:2tJulUYLDKOg9XrtVkMgcJ,"Grenade","Doo-Wops & Hooligans","Bruno Mars",2010-05-11,222091,80,false,kavya1287,2020-12-03T07:17:51Z,"","Atlantic Records",0.704,0.558,2,-7.273,0,0.0542,0.148,0,0.107,0.245,110.444,4
spotify:track:0tgVpDi06FyKpA1z0VMD4v,"Perfect","÷ (Deluxe)","Ed Sheeran",2017-03-03,263400,89,false,kavya1287,2020-12-03T07:19:51Z,"soft pop","Atlantic Records UK",0.599,0.448,8,-6.312,1,0.0232,0.163,0,0.106,0.168,95.05,3
spotify:track:6PCUP3dWmTjcTtXY02oFdT,"Castle on the Hill","÷ (Deluxe)","Ed Sheeran",2017-03-03,261153,78,false,kavya1287,2020-12-03T07:19:55Z,"soft pop","Atlantic Records UK",0.461,0.834,2,-4.868,1,0.0989,0.0232,0.0000114,0.14,0.471,135.007,4
spotify:track:3nwbntyppUfLEMorPB40HN,"The A Team - Live at the Bedford","5","Ed Sheeran",2014-06-20,322933,28,false,kavya1287,2020-12-03T07:19:59Z,"soft pop","Gingerbread Man Records",0.402,0.339,9,-9.574,1,0.0498,0.728,0,0.833,0.496,83.194,4
spotify:track:7tg0OrYieTMcQmxIczNMqE,"Fine By Me","Andy Grammer","Andy Grammer",2011-01-01,172813,0,false,kavya1287,2020-12-03T07:20:02Z,"","S-Curve Records",0.603,0.801,11,-4.095,1,0.0326,0.00975,0,0.0443,0.863,89.998,4
spotify:track:7MapZTlRqFfUteNcghsTwf,"Keep Your Head Up","Andy Grammer","Andy Grammer",2011-01-01,190480,0,false,kavya1287,2020-12-03T07:20:06Z,"","S-Curve Records",0.666,0.78,7,-5.177,1,0.0404,0.044,0,0.128,0.795,90.004,4
spotify:track:1fMEUGs5CvRv0VrcJlQITt,"Good To Be Alive (Hallelujah)","Magazines Or Novels (Deluxe Edition)","Andy Grammer",2014-08-05,189869,0,false,kavya1287,2020-12-03T07:20:10Z,"","S-Curve Records",0.784,0.882,5,-3.646,1,0.0451,0.0377,0,0.65,0.699,120.017,4
spotify:track:6Uruq613rSnPBCSJ9M922O,"Honey, I'm Good.","Magazines Or Novels (Deluxe Edition)","Andy Grammer",2014-08-05,199263,0,false,kavya1287,2020-12-03T07:20:14Z,"","S-Curve Records",0.76,0.796,9,-6.417,1,0.058,0.035,0,0.34,0.614,122.015,4
spotify:track:6FE2iI43OZnszFLuLtvvmg,"Classic","MKTO","MKTO",2012,175426,79,false,kavya1287,2020-12-03T07:20:19Z,"","Columbia/M2V",0.72,0.791,1,-4.689,1,0.124,0.0384,0,0.157,0.756,102.071,4
spotify:track:0dw7G0QDuW7UwyL0boHKMU,"Glad You Came","The Wanted","The Wanted",2012-01-01,198186,40,false,kavya1287,2020-12-03T07:20:22Z,"","Universal-Island Records Ltd.",0.61,0.841,7,-4.579,0,0.0692,0.056,0.00000985,0.118,0.431,126.889,4
spotify:track:2sbwzB0N7aR4iG2kZSBjV7,"Chasing The Sun","The Wanted","The Wanted",2012-01-01,198800,31,false,kavya1287,2020-12-03T07:20:25Z,"","Universal-Island Records Ltd.",0.636,0.732,7,-6.209,0,0.0962,0.242,0,0.498,0.679,128.11,4
spotify:track:3LlAyCYU26dvFZBDUIMb7a,"Demons","Night Visions","Imagine Dragons",2012-09-04,175200,74,false,kavya1287,2020-12-03T07:20:29Z,"","Kid Ina Korner / Interscope",0.5,0.71,3,-3.015,1,0.0339,0.19,0.00025,0.329,0.419,89.929,4
spotify:track:4G8gkOterJn0Ywt6uhqbhp,"Radioactive","Night Visions","Imagine Dragons",2012-09-04,186813,73,false,kavya1287,2020-12-03T07:23:18Z,"","Kid Ina Korner / Interscope",0.448,0.784,9,-3.686,1,0.0625,0.0999,0.000108,0.668,0.237,136.239,4
spotify:track:0oP9pK1D1lNF3Lb7jkl6Xx,"Thunder","Thunder","Imagine Dragons",2017-04-27,187761,1,false,kavya1287,2020-12-03T07:23:22Z,"","KIDinaKORNER/Interscope Records",0.608,0.841,0,-3.798,1,0.0464,0.00593,0.0573,0.121,0.274,167.969,4
spotify:track:4vb4mFvYsr2h6enhjJsq9Y,"Water Under the Bridge","25","Adele",2016-06-24,240426,1,false,kavya1287,2020-12-03T07:23:27Z,"soft pop","XL Recordings/Columbia",0.596,0.838,5,-6.52,0,0.0704,0.0189,0.0000154,0.108,0.472,94.982,4
spotify:track:4kflIGfjdZJW4ot2ioixTB,"Someone Like You","21","Adele",2011-01-19,285040,3,false,kavya1287,2020-12-03T07:23:31Z,"soft pop","XL Recordings/Columbia",0.559,0.33,9,-8.251,1,0.0285,0.892,0,0.0975,0.285,135.109,4
spotify:track:4BHzQ9C00ceJxfG16AlNWb,"Send My Love (To Your New Lover)","25","Adele",2016-06-24,223080,1,false,kavya1287,2020-12-03T07:23:35Z,"soft pop","XL Recordings/Columbia",0.69,0.524,6,-8.39,0,0.103,0.0415,0.00000316,0.17,0.562,164.023,4
spotify:track:7IWkJwX9C0J7tHurTD7ViL,"When We Were Young","25","Adele",2016-06-24,290906,0,false,kavya1287,2020-12-03T07:23:39Z,"soft pop","XL Recordings/Columbia",0.381,0.594,3,-5.97,1,0.0486,0.348,0,0.0925,0.273,143.86,4
spotify:track:7rPLZ8Krm6CZIbraFUlnWZ,"Make You Feel My Love","19","Adele",2008-01-28,212040,0,false,kavya1287,2020-12-03T07:23:42Z,"soft pop","XL Recordings/Columbia",0.325,0.18,10,-10.647,1,0.0311,0.91,0.000633,0.113,0.0997,72.416,1
spotify:track:4sPmO7WMQUAf45kwMOtONw,"Hello","25","Adele",2016-06-24,295493,0,false,kavya1287,2020-12-03T07:23:47Z,"soft pop","XL Recordings/Columbia",0.481,0.451,5,-6.095,0,0.0347,0.336,0,0.0872,0.289,157.966,4
spotify:track:76N7FdzCI9OsiUnzJVLY2m,"Rumour Has It","21","Adele",2011-01-19,221426,0,false,kavya1287,2020-12-03T07:23:50Z,"soft pop","XL Recordings/Columbia",0.618,0.753,7,-5.05,0,0.0451,0.637,0,0.0905,0.557,120.041,4
spotify:track:1CkvWZme3pRgbzaxZnTl5X,"Rolling in the Deep","21","Adele",2011-01-19,228293,4,false,kavya1287,2020-12-03T07:23:53Z,"soft pop","XL Recordings/Columbia",0.729,0.756,8,-5.119,1,0.0294,0.131,0,0.0527,0.522,104.945,4
spotify:track:3CKCZ9pfwAfoMZlMncA1Nc,"Set Fire to the Rain","21","Adele",2011-01-19,241693,2,false,kavya1287,2020-12-03T07:23:57Z,"soft pop","XL Recordings/Columbia",0.61,0.683,2,-3.879,0,0.0253,0.00382,0.00000179,0.125,0.466,108.003,4
spotify:track:24cKN8P2uGWypxTw5WaNlq,"Don't You Remember","21","Adele",2011-01-19,243200,0,false,kavya1287,2020-12-03T07:24:01Z,"soft pop","XL Recordings/Columbia",0.64,0.395,3,-5.689,1,0.0307,0.206,0,0.0935,0.235,115.082,4
spotify:track:0KKkJNfGyhkQ5aFogxQAPU,"That's What I Like","24K Magic","Bruno Mars",2016-11-17,206693,91,false,kavya1287,2020-12-03T07:24:04Z,"","Atlantic Records",0.853,0.56,1,-4.961,1,0.0406,0.013,0,0.0944,0.86,134.066,4
spotify:track:6b8Be6ljOzmkOmFslEb23P,"24K Magic","24K Magic","Bruno Mars",2016-11-17,225983,85,false,kavya1287,2020-12-03T07:24:08Z,"","Atlantic Records",0.818,0.803,1,-4.282,1,0.0797,0.034,0,0.153,0.632,106.97,4
spotify:track:0nJW01T7XtvILxQgC5J7Wh,"When I Was Your Man","Unorthodox Jukebox","Bruno Mars",2012-12-07,213826,89,false,kavya1287,2020-12-03T07:24:11Z,"","Atlantic Records",0.612,0.28,0,-8.648,1,0.0434,0.932,0,0.088,0.387,72.795,4
spotify:track:3w3y8KPTfNeOKPiqUTakBh,"Locked out of Heaven","Unorthodox Jukebox","Bruno Mars",2012-12-07,233478,90,false,kavya1287,2020-12-03T07:24:15Z,"","Atlantic Records",0.726,0.698,5,-4.165,1,0.0431,0.049,0,0.309,0.867,143.994,4
spotify:track:55h7vJchibLdUkxdlX3fK7,"Treasure","Unorthodox Jukebox","Bruno Mars",2012-12-07,178560,82,true,kavya1287,2020-12-03T07:24:18Z,"","Atlantic Records",0.874,0.692,5,-5.28,0,0.0431,0.0412,0.0000724,0.324,0.937,116.017,4
spotify:track:3DamFFqW32WihKkTVlwTYQ,"Fireflies","Ocean Eyes","Owl City",2009-01-01,228346,80,false,kavya1287,2020-12-03T07:24:22Z,"","Universal Records",0.512,0.662,3,-6.797,1,0.0439,0.0275,0,0.118,0.472,180.114,4
spotify:track:2l8w0zZVn4AZNuzrht7MRT,"Love Me Like You Do - From ""Fifty Shades Of Grey""","Delirium (Deluxe)","Ellie Goulding",2015-11-13,252534,48,false,kavya1287,2020-12-03T07:24:25Z,"","Polydor Records",0.475,0.606,8,-6.646,1,0.0346,0.247,0,0.125,0.282,94.994,4
spotify:track:5b88tNINg4Q4nrRbrCXUmg,"Happy - From ""Despicable Me 2""","G I R L","Pharrell Williams",2014-03-03,232720,5,false,kavya1287,2020-12-03T07:24:28Z,"","Columbia",0.647,0.822,5,-4.662,0,0.183,0.219,0,0.0908,0.962,160.019,4
spotify:track:2JZKXgq5zsokN01KWyiY6n,"Mirrors","The 20/20 Experience","Justin Timberlake",2013-03-15,484146,0,false,kavya1287,2020-12-03T07:24:31Z,"","RCA Records Label",0.574,0.512,5,-6.664,0,0.0503,0.234,0,0.0946,0.512,76.899,4
spotify:track:1WkMMavIMc4JZ8cfMmxHkI,"CAN'T STOP THE FEELING! (from DreamWorks Animation's ""TROLLS"")","TROLLS (Original Motion Picture Soundtrack)","Justin Timberlake",2016-09-23,237546,72,false,kavya1287,2020-12-03T07:24:49Z,"","Villa 40/RCA Records",0.669,0.832,0,-5.721,1,0.0682,0.0106,0,0.0968,0.7,113.035,4
spotify:track:37sINbJZcFdHFAsVNsPq1i,"Superheroes","No Sound Without Silence","The Script",2014-09-15,245466,77,false,kavya1287,2020-12-03T07:24:52Z,"","Columbia",0.49,0.885,3,-4.121,1,0.0396,0.00218,0,0.0741,0.64,166.996,4
spotify:track:38xWaVFKaxZlMFvzNff2aW,"Breakeven","The Script","The Script",2008-09-08,261426,67,false,kavya1287,2020-12-03T07:24:57Z,"","Phonogenic",0.627,0.699,10,-4.504,1,0.0244,0.174,0,0.0789,0.535,94.003,4
spotify:track:1X1DWw2pcNZ8zSub3uhlNz,"Hall of Fame (feat. will.i.am)","#3","The Script;will.i.am",2012-10-09,202530,69,false,kavya1287,2020-12-03T07:25:01Z,"","Epic/Phonogenic",0.421,0.873,10,-4.343,1,0.0564,0.0654,0,0.123,0.629,84.786,4
spotify:track:4Musyaro0NM5Awx8b5c627,"The Man Who Can't Be Moved","The Script","The Script",2008-09-08,241466,65,false,kavya1287,2020-12-03T07:25:04Z,"","Phonogenic",0.608,0.629,10,-5.024,1,0.0264,0.423,0,0.0978,0.325,99.953,4
spotify:track:09ZcYBGFX16X8GMDrvqQwt,"For the First Time","Science & Faith (US Version)","The Script",2011-01-18,252853,66,true,kavya1287,2020-12-03T07:25:08Z,"","Phonogenic",0.396,0.629,9,-4.78,1,0.0287,0.0328,0,0.183,0.358,173.794,4
spotify:track:7kBZa4WCbZGkJzi2gCr401,"Army of Angels","No Sound Without Silence","The Script",2014-09-15,238200,38,false,kavya1287,2020-12-03T07:25:11Z,"","Columbia",0.492,0.578,0,-6.604,1,0.0268,0.0343,0,0.0988,0.127,93.976,4
spotify:track:5W2FRXOq70ADDROFMvWky8,"The Energy Never Dies","No Sound Without Silence","The Script",2014-09-15,255106,45,false,kavya1287,2020-12-03T07:25:15Z,"","Columbia",0.546,0.792,7,-5.222,1,0.0306,0.0807,0,0.237,0.478,137.515,4
spotify:track:2M9ULmQwTaTGmAdXaXpfz5,"Billionaire (feat. Bruno Mars)","Billionaire (feat. Bruno Mars)","Travie McCoy;Bruno Mars",2010-03-09,211160,72,true,kavya1287,2020-12-03T07:25:18Z,"","Decaydance/Fueled By Ramen",0.633,0.673,6,-6.403,0,0.258,0.297,0,0.206,0.659,86.776,4
spotify:track:1DqdF42leyFIzqNDv9CjId,"Dynamite","Rokstarr","Taio Cruz",2010-01-01,203866,72,false,kavya1287,2020-12-03T07:25:22Z,"","Universal-Island Records Ltd.",0.754,0.804,4,-3.177,1,0.0853,0.00332,0,0.0329,0.818,119.968,4
spotify:track:49FYlytm3dAAraYgpoJZux,"Umbrella","Good Girl Gone Bad: Reloaded","Rihanna;JAY-Z",2008-06-02,275986,85,false,kavya1287,2020-12-03T07:25:25Z,"hip hop,east coast hip hop,rap","Def Jam Recordings",0.585,0.828,1,-4.603,1,0.124,0.00906,0,0.0426,0.584,174.034,4
spotify:track:0ByMNEPAPpOR5H69DVrTNy,"Don't Stop The Music","Good Girl Gone Bad: Reloaded","Rihanna",2008-06-02,267080,86,false,kavya1287,2020-12-03T07:25:29Z,"","Def Jam Recordings",0.834,0.669,6,-5.582,0,0.0637,0.0341,0.0000718,0.0535,0.547,122.669,4
spotify:track:7Kt59L2ZZGtOnIhvMwzG6f,"Diamonds","Unapologetic (Deluxe)","Rihanna",2012-12-11,225146,55,false,kavya1287,2020-12-03T07:25:33Z,"","Def Jam Recordings",0.562,0.709,11,-4.92,0,0.0424,0.00124,0,0.109,0.401,91.958,4
spotify:track:0U10zFw4GlBacOy9VDGfGL,"We Found Love","Talk That Talk","Rihanna;Calvin Harris",2011-11-19,215226,81,false,kavya1287,2020-12-03T07:25:36Z,"edm","Def Jam Recordings",0.735,0.766,1,-4.485,1,0.0383,0.025,0.00141,0.108,0.6,127.975,4
spotify:track:6rPO02ozF3bM7NnOV4h6s2,"Despacito - Remix","Despacito Feat. Justin Bieber (Remix)","Luis Fonsi;Daddy Yankee;Justin Bieber",2017-04-17,228826,72,false,kavya1287,2020-12-03T07:25:39Z,"latin,reggaeton","Republic/UMLE",0.653,0.816,2,-4.353,1,0.167,0.228,0,0.0967,0.816,178.085,4
spotify:track:5HDPtsnyb3maFmPL8LLUTG,"New Man","÷ (Deluxe)","Ed Sheeran",2017-03-03,189280,61,false,kavya1287,2020-12-03T07:25:42Z,"soft pop","Atlantic Records UK",0.78,0.745,7,-3.97,1,0.145,0.0559,0,0.0595,0.862,94.026,4
spotify:track:2RttW7RAu5nOAfq6YFvApB,"Happier","÷ (Deluxe)","Ed Sheeran",2017-03-03,207520,75,false,kavya1287,2020-12-03T07:25:45Z,"soft pop","Atlantic Records UK",0.522,0.385,0,-7.355,1,0.0288,0.536,0,0.135,0.236,89.792,4
spotify:track:7cCsAsOKvFdOjQHpADku4O,"The City - Live at Sticky Studios; Loose Change EP","5","Ed Sheeran",2014-06-20,306320,27,false,kavya1287,2020-12-03T07:25:52Z,"soft pop","Gingerbread Man Records",0.712,0.569,4,-6.032,0,0.204,0.507,0,0.412,0.837,105.032,4
spotify:track:5jsw9uXEGuKyJzs0boZ1bT,"Stitches","Handwritten","Shawn Mendes",2015-04-14,206880,86,false,kavya1287,2020-12-03T07:25:56Z,"","Island Records",0.752,0.754,1,-6.684,1,0.0615,0.0151,0,0.0486,0.755,149.789,4
spotify:track:0AS63m1wHv9n4VVRizK6Hc,"Mercy","Illuminate (Deluxe)","Shawn Mendes",2017-04-20,208733,82,false,kavya1287,2020-12-03T07:26:00Z,"","Island Records",0.554,0.662,11,-4.957,0,0.0821,0.126,0,0.111,0.338,148.122,4
spotify:track:3QGsuHI8jO1Rx4JWLUh9jd,"Treat You Better","Illuminate","Shawn Mendes",2017-04-20,187973,87,false,kavya1287,2020-12-03T07:26:03Z,"","Island Records",0.443,0.82,10,-4.091,0,0.34,0.107,0,0.107,0.771,82.697,4
spotify:track:2GyA33q5rti5IxkMQemRDH,"I Know What You Did Last Summer","Handwritten","Shawn Mendes;Camila Cabello",2015-04-14,223853,75,false,kavya1287,2020-12-03T07:26:06Z,"","Island Records",0.687,0.761,9,-4.582,0,0.0876,0.102,0,0.147,0.743,113.939,4
spotify:track:6D60klaHqbCl9ySc8VcRss,"Stronger (What Doesn't Kill You)","Stronger (Deluxe Version)","Kelly Clarkson",2011-10-24,221946,66,false,kavya1287,2020-12-03T07:26:09Z,"christmas","RCA Records Label",0.562,0.939,0,-4.282,1,0.0475,0.046,0,0.112,0.684,116.044,4
spotify:track:5ixRgMRAyYSdPonq8qrrWr,"You Love Me","Stronger (Deluxe Version)","Kelly Clarkson",2011-10-24,244200,26,false,kavya1287,2020-12-03T07:26:12Z,"christmas","RCA Records Label",0.74,0.864,9,-4.044,0,0.0385,0.0499,0,0.0611,0.832,119.955,4
spotify:track:3o5EybgLsNgkvqjXJNvZl5,"Honestly","Stronger (Deluxe Version)","Kelly Clarkson",2011-10-24,216173,26,false,kavya1287,2020-12-03T07:26:16Z,"christmas","RCA Records Label",0.31,0.856,7,-4.592,0,0.122,0.124,0,0.174,0.2,169.76,4
spotify:track:7mZVWemhwUnhr2q6GYl6T7,"Invincible","Piece By Piece (Deluxe Version)","Kelly Clarkson",2016-03-04,238359,32,false,kavya1287,2020-12-03T07:26:20Z,"christmas","RCA Records Label",0.477,0.788,10,-5.472,1,0.0824,0.409,0,0.194,0.379,138.21,4
spotify:track:7xbXQeepclfQNqI3mLPb3c,"Better Place","Wildfire","Rachel Platten",2016-01-01,176386,54,false,kavya1287,2020-12-03T07:26:24Z,"","Columbia",0.557,0.4,0,-8.16,1,0.0274,0.914,0.000897,0.107,0.348,100.205,4
spotify:track:37f4ITSlgPX81ad2EvmVQr,"Fight Song","Wildfire","Rachel Platten",2016-01-01,204013,75,false,kavya1287,2020-12-03T07:26:27Z,"","Columbia",0.564,0.714,7,-4.987,1,0.129,0.0549,0,0.155,0.33,175.924,4
spotify:track:3kSXn1osC89W8JcPLozTzs,"Stand By You","Wildfire","Rachel Platten",2016-01-01,219000,63,false,kavya1287,2020-12-03T07:26:30Z,"","Columbia",0.506,0.897,9,-4.632,1,0.26,0.146,0.000451,0.0868,0.525,188.03,4
spotify:track:3eoyz3jZOHhko7hEwtEdnf,"Lone Ranger","Wildfire","Rachel Platten",2016-01-01,190026,45,false,kavya1287,2020-12-03T07:26:33Z,"","Columbia",0.745,0.891,7,-5.392,0,0.0748,0.0582,0.000645,0.11,0.362,116.959,4
spotify:track:4rTSPf9iTKfI1Vhzpz7CXb,"Superman","Wildfire","Rachel Platten",2016-01-01,202773,36,false,kavya1287,2020-12-03T07:26:43Z,"","Columbia",0.579,0.575,3,-6.345,1,0.0463,0.694,0,0.133,0.411,142.131,4
spotify:track:50kpGaPAhYJ3sGmk6vplg0,"Love Yourself","Purpose (Deluxe)","Justin Bieber",2015-11-13,233720,87,false,kavya1287,2020-12-03T07:26:46Z,"","RBMG/Def Jam",0.609,0.378,4,-9.828,1,0.438,0.835,0,0.28,0.515,100.43,4
spotify:track:09CtPGIpYB4BrO8qb1RGsF,"Sorry","Purpose (Deluxe)","Justin Bieber",2015-11-13,200786,88,false,kavya1287,2020-12-03T07:26:49Z,"","RBMG/Def Jam",0.655,0.76,0,-3.669,0,0.045,0.0797,0,0.299,0.409,99.947,4
spotify:track:4B0JvthVoAAuygILe3n4Bs,"What Do You Mean?","Purpose (Deluxe)","Justin Bieber",2015-11-13,205680,85,false,kavya1287,2020-12-03T07:26:53Z,"","RBMG/Def Jam",0.845,0.567,5,-8.118,0,0.0956,0.59,0.00142,0.0811,0.793,125.02,4
spotify:track:2TfSHkHiFO4gRztVIkggkE,"Sugar, We're Goin Down","From Under The Cork Tree","Fall Out Boy",2005-05-03,229093,80,false,kavya1287,2020-12-03T07:26:58Z,"emo,pop punk","Island Records",0.494,0.842,7,-4.784,1,0.0843,0.00579,0,0.122,0.574,162.011,4
spotify:track:04aAxqtGp5pv12UXAg4pkq,"Centuries","American Beauty/American Psycho","Fall Out Boy",2015-01-16,228360,82,false,kavya1287,2020-12-03T07:27:02Z,"emo,pop punk","Island Records",0.393,0.858,4,-2.868,0,0.0729,0.00359,0,0.102,0.56,176.042,4
spotify:track:3Te8uLyit6X3ncNW8Fp3K2,"Immortals","American Beauty/American Psycho","Fall Out Boy",2015-01-16,189386,78,false,kavya1287,2020-12-03T07:27:05Z,"emo,pop punk","Island Records",0.616,0.868,2,-3.606,1,0.0699,0.00131,0.00000154,0.671,0.475,108.016,4
spotify:track:6hVCCmziVhcCz7K5Uq1tqq,"Uma Thurman - Remix","Make America Psycho Again","Fall Out Boy;Wiz Khalifa;ID Labs;Badboxes",2015-10-30,191093,33,false,kavya1287,2020-12-03T07:27:09Z,"emo,pop punk,rap,jazz beats","Island Records",0.642,0.864,2,-5.614,1,0.0868,0.00133,0.000081,0.203,0.329,146.943,4
spotify:track:4llK75pXNWZz6KAho2Gp16,"She Will Be Loved - Radio Mix","Songs About Jane: 10th Anniversary Edition","Maroon 5",2002,259453,85,false,kavya1287,2020-12-03T07:27:11Z,"pop","Interscope Records*",0.651,0.663,0,-5.569,0,0.0281,0.228,0,0.0994,0.465,102,4
spotify:track:7LcfRTgAVTs5pQGEQgUEzN,"Moves Like Jagger - Studio Recording From ""The Voice"" Performance","Hands All Over","Maroon 5;Christina Aguilera",2010,201160,75,false,kavya1287,2020-12-03T07:27:15Z,"pop","Interscope Records*",0.722,0.758,11,-4.477,0,0.0471,0.0111,0,0.308,0.62,128.047,4
spotify:track:0JssjDh3UWEgjUslVZgHJG,"Sugar","V (Deluxe)","Maroon 5",2014-09-02,235493,46,true,kavya1287,2020-12-03T07:27:18Z,"pop","Interscope Records*",0.748,0.788,1,-7.055,1,0.0334,0.0591,0,0.0863,0.884,120.076,4
spotify:track:5jrdCoLpJSvHHorevXBATy,"Dark Horse","PRISM (Deluxe)","Katy Perry;Juicy J",2013-10-18,215672,75,false,kavya1287,2020-12-03T07:27:22Z,"pop,crunk","Capitol Records (CAP)",0.647,0.585,6,-6.123,1,0.0512,0.00314,0,0.165,0.353,131.934,4
spotify:track:1nZzRJbFvCEct3uzu04ZoL,"Part Of Me","Teenage Dream: The Complete Confection","Katy Perry",2012-03-12,216160,73,false,kavya1287,2020-12-03T07:27:29Z,"pop","Capitol Records",0.678,0.918,5,-4.63,1,0.0355,0.000417,0,0.0744,0.77,130.03,4
spotify:track:6KOEK6SeCEZOQkLj5M1PxH,"California Gurls","Teenage Dream","Katy Perry;Snoop Dogg",2010-01-01,234653,75,false,kavya1287,2020-12-03T07:27:32Z,"pop,g-funk,west coast hip hop,gangster rap,old school hip hop,hip hop,rap","Capitol Records",0.789,0.753,0,-3.71,1,0.0537,0.0038,0,0.18,0.403,125.007,4
spotify:track:5jzKL4BDMClWqRguW5qZvh,"Teenage Dream","Teenage Dream","Katy Perry",2010-01-01,227741,75,false,kavya1287,2020-12-03T07:27:36Z,"pop","Capitol Records",0.719,0.798,10,-4.582,1,0.0361,0.0162,0.00000234,0.134,0.591,120.012,4
spotify:track:3avYqdwHKEq8beXbeWCKqJ,"Last Friday Night (T.G.I.F.)","Teenage Dream","Katy Perry",2010-01-01,230733,77,false,kavya1287,2020-12-03T07:27:43Z,"pop","Capitol Records",0.652,0.81,3,-3.789,0,0.0406,0.00129,0.0000291,0.667,0.732,126.022,4
spotify:track:4r6eNCsrZnQWJzzvFh4nlg,"Firework","Teenage Dream","Katy Perry",2010-01-01,227893,73,false,kavya1287,2020-12-03T07:27:46Z,"pop","Capitol Records",0.638,0.831,8,-5.039,1,0.049,0.142,0,0.113,0.649,124.071,4
spotify:track:4kkeuVl6gF3RMqE4Nn5W3E,"E.T.","Teenage Dream","Katy Perry",2010-01-01,206373,67,false,kavya1287,2020-12-03T07:27:49Z,"pop","Capitol Records",0.603,0.863,5,-5.423,0,0.0773,0.0178,0,0.389,0.731,150.054,4
spotify:track:7IdznjcKCOWhydUH02Istz,"I Kissed A Girl - Live At MTV Unplugged, 2009","Unplugged (Live At MTV Unplugged, New York, NY/2009)","Katy Perry",2009-11-13,250586,37,false,kavya1287,2020-12-03T07:27:53Z,"pop","Capitol Records",0.488,0.62,9,-7.478,0,0.113,0.0816,0,0.659,0.168,128.733,4
spotify:track:6C7RJEIUDqKkJRZVWdkfkH,"Stronger","Graduation","Kanye West",2007-09-11,311866,8,true,kavya1287,2020-12-03T07:27:58Z,"rap","Universal/Island Def Jam",0.625,0.726,10,-7.731,0,0.155,0.00728,0,0.318,0.483,103.98,4
spotify:track:1LmN9SSHISbtp9LoaR5ZVJ,"Payphone","Overexposed","Maroon 5;Wiz Khalifa",2021-06-20,231386,69,true,kavya1287,2020-12-03T07:28:01Z,"pop,rap","Interscope Records*",0.739,0.756,4,-4.828,1,0.0393,0.0136,0,0.37,0.522,110.028,4
spotify:track:423oRmTgCWl8nF9Oac1fvA,"One More Night","Overexposed","Maroon 5",2021-06-20,219466,46,false,kavya1287,2020-12-03T07:28:04Z,"pop","Interscope Records*",0.718,0.82,5,-3.453,0,0.032,0.0459,0,0.0846,0.615,92.998,4
spotify:track:0B7uZOwTqMBLhvbD3RIFLa,"Love Somebody","Overexposed","Maroon 5",2021-06-20,229826,43,false,kavya1287,2020-12-03T07:28:08Z,"pop","Interscope Records*",0.675,0.791,1,-6.295,1,0.0369,0.129,0,0.121,0.423,120.015,4
spotify:track:2IjyFRCRn8x1bEquOM3vxg,"Purpose","Purpose (Deluxe)","Justin Bieber",2015-11-13,210160,64,false,kavya1287,2020-12-03T07:28:12Z,"","RBMG/Def Jam",0.481,0.285,0,-10.848,1,0.0424,0.9,0,0.123,0.316,130.021,4
spotify:track:21pCToQdqcPi879auxjxKe,"Heartbreaker","Journals","Justin Bieber",2014-05-13,262840,45,false,kavya1287,2020-12-03T07:28:15Z,"","RBMG/Def Jam",0.571,0.503,6,-7.334,0,0.0872,0.156,0,0.346,0.547,103.148,4
spotify:track:3S2R0EVwBSAVMd5UMgKTL0,"Thriller","Thriller 25 Super Deluxe Edition","Michael Jackson",2008-02-08,357266,72,false,kavya1287,2020-12-03T07:28:20Z,"","Epic/Legacy",0.773,0.859,11,-4.913,1,0.0747,0.0855,0.000187,0.914,0.813,118.459,4
spotify:track:1OOtq8tRnDM8kG2gqUPjAj,"Beat It","Thriller 25 Super Deluxe Edition","Michael Jackson",2008-02-08,258040,77,false,kavya1287,2020-12-03T07:28:24Z,"","Epic/Legacy",0.776,0.867,3,-3.704,0,0.0479,0.0495,0.00000792,0.197,0.918,138.827,4
spotify:track:00Mb3DuaIH1kjrwOku9CGU,"Sk8er Boi","Let Go","Avril Lavigne",2002-06-04,204000,80,false,kavya1287,2020-12-03T07:28:28Z,"","Arista",0.487,0.9,0,-4.417,1,0.0482,0.0000679,0,0.358,0.484,149.937,4
spotify:track:3xrn9i8zhNZsTtcoWgQEAd,"Since U Been Gone","Breakaway","Kelly Clarkson",2004-01-17,188960,76,false,kavya1287,2020-12-03T07:28:32Z,"christmas","RCA Records Label",0.662,0.741,0,-5.406,1,0.0334,0.00165,0.0303,0.114,0.404,131,4
spotify:track:7sapKrjDij2fpDVj0GxP66,"She Will Be Loved","Songs About Jane","Maroon 5",2002-06-25,257133,74,false,kavya1287,2020-12-03T07:28:36Z,"pop","Interscope Records*",0.706,0.713,0,-5.512,0,0.0301,0.0596,0,0.132,0.544,102.032,4
spotify:track:0k2GOhqsrxDTAbFFSdNJjT,"Temperature","The Trinity","Sean Paul",2005-09-27,216320,84,false,kavya1287,2020-12-03T07:28:39Z,"dancehall","VP Records",0.951,0.6,0,-4.675,0,0.0685,0.106,0,0.0712,0.822,125.04,4
spotify:track:0wqOReZDnrefefEsrIGeR4,"Hanging By A Moment","No Name Face","Lifehouse",2000,216066,70,false,kavya1287,2020-12-03T07:28:43Z,"post-grunge","Geffen",0.541,0.864,1,-4.915,1,0.0357,0.00118,0,0.0896,0.435,124.557,4
spotify:track:6fxVffaTuwjgEk5h9QyRjy,"Photograph","x (Wembley Edition)","Ed Sheeran",2013,258986,72,false,kavya1287,2020-12-03T07:28:46Z,"soft pop","Atlantic Records UK",0.614,0.379,4,-10.48,1,0.0476,0.607,0.000464,0.0986,0.201,107.989,4
spotify:track:1Slwb6dOYkBlWal1PGtnNg,"Thinking out Loud","x (Wembley Edition)","Ed Sheeran",2013,281560,71,false,kavya1287,2020-12-03T07:28:49Z,"soft pop","Atlantic Records UK",0.781,0.445,2,-6.061,1,0.0295,0.474,0,0.184,0.591,78.998,4
spotify:track:2yPoXCs7BSIUrucMdK5PzV,"Umbrella","Good Girl Gone Bad","Rihanna;JAY-Z",2007-01-01,275986,76,false,kavya1287,2020-12-03T07:28:52Z,"hip hop,east coast hip hop,rap","Def Jam Recordings",0.585,0.828,1,-4.603,1,0.124,0.00906,0,0.0426,0.584,174.034,4
spotify:track:1NrJYpdAi7uosDRPmSYrsG,"Apologize","Dreaming Out Loud","OneRepublic",2007-01-01,208106,70,false,kavya1287,2020-12-03T07:28:56Z,"soft pop","Mosley / Interscope",0.593,0.74,8,-6.12,1,0.0339,0.363,0.0000222,0.102,0.502,118.008,4
spotify:track:4HlFJV71xXKIGcU3kRyttv,"Hey, Soul Sister","Save Me, San Francisco (Golden Gate Edition)","Train",2010-12-01,216773,83,false,kavya1287,2020-12-03T07:29:00Z,"soft pop","Columbia",0.673,0.886,1,-4.44,0,0.0431,0.185,0,0.0826,0.795,97.012,4
spotify:track:0KAiuUOrLTIkzkpfpn9jb9,"Drive By","California 37","Train",2012-04-17,195973,79,false,kavya1287,2020-12-03T07:29:04Z,"soft pop","Columbia",0.765,0.837,1,-3.113,0,0.032,0.00107,0.0000106,0.0801,0.721,122.028,4
spotify:track:7dt6x5M1jzdTEt8oCbisTK,"Better Now","beerbongs & bentleys","Post Malone",2018-04-27,231266,81,true,kavya1287,2020-12-03T07:29:07Z,"","Republic Records",0.674,0.578,10,-5.804,1,0.0408,0.331,0,0.135,0.34,145.07,4
spotify:track:1A6OTy97kk0mMdm78rHsm8,"Sunflower - Spider-Man: Into the Spider-Verse","Sunflower (Spider-Man: Into the Spider-Verse)","Post Malone;Swae Lee",2018-10-18,158053,3,false,kavya1287,2020-12-03T07:29:12Z,"","Universal Records",0.753,0.498,2,-5.61,1,0.0504,0.551,0,0.0706,0.927,89.95,4
spotify:track:2rPE9A1vEgShuZxxzR2tZH,"thank u, next","thank u, next","Ariana Grande",2018-11-03,207333,25,true,kavya1287,2020-12-03T07:29:22Z,"pop","Universal Records",0.724,0.647,1,-5.642,1,0.0658,0.28,0,0.102,0.435,106.96,4
spotify:track:1rqqCSm0Qe4I9rUvWncaom,"High Hopes","Pray for the Wicked","Panic! At The Disco",2018-06-22,190946,82,false,kavya1287,2020-12-03T07:29:32Z,"emo","DCD2 / Fueled By Ramen",0.579,0.904,5,-2.729,1,0.0618,0.193,0,0.064,0.681,82.014,4
spotify:track:1BECwm5qkaBwlbfo4kpYx8,"Death of a Bachelor","Death of a Bachelor","Panic! At The Disco",2016-01-15,203506,67,false,kavya1287,2020-12-03T07:29:36Z,"emo","Decaydance/Fueled By Ramen",0.462,0.538,0,-5.527,1,0.059,0.0137,0,0.429,0.405,139.256,4
spotify:track:4RCWB3V8V0dignt99LZ8vH,"Hey There Delilah","All That We Needed","Plain White T's",2005-01-25,232533,80,false,kavya1287,2020-12-03T07:29:47Z,"","Fearless Records",0.658,0.291,2,-10.572,1,0.0292,0.872,0,0.114,0.295,103.962,4
spotify:track:1EzrEOXmMH3G43AXT1y7pA,"I'm Yours","We Sing. We Dance. We Steal Things.","Jason Mraz",2008-05-12,242946,77,false,kavya1287,2020-12-03T07:30:51Z,"soft pop,acoustic pop","Atlantic Records/ATG",0.703,0.444,11,-9.331,1,0.0417,0.559,0,0.0973,0.712,150.96,4
spotify:track:3KkXRkHbMCARz0aVfEt68P,"Sunflower - Spider-Man: Into the Spider-Verse","Spider-Man: Into the Spider-Verse (Soundtrack From & Inspired by the Motion Picture)","Post Malone;Swae Lee",2018-12-14,158040,83,false,kavya1287,2020-12-03T07:30:59Z,"","Universal Records",0.76,0.478,2,-5.574,1,0.0467,0.552,0,0.0703,0.913,89.908,4
spotify:track:5zsHmE2gO3RefVsPyw2e3T,"What's Up Danger (with Black Caviar)","Spider-Man: Into the Spider-Verse (Soundtrack From & Inspired by the Motion Picture)","Blackway;Black Caviar",2018-12-14,222306,72,false,kavya1287,2020-12-03T07:31:08Z,"","Universal Records",0.701,0.755,2,-5.82,1,0.0417,0.00363,0.000814,0.121,0.116,95.041,4
spotify:track:3vWzyGTu6Ovo1GdrcJqH6e,"Scared of the Dark (feat. XXXTENTACION)","Spider-Man: Into the Spider-Verse (Soundtrack From & Inspired by the Motion Picture)","Lil Wayne;Ty Dolla $ign;XXXTENTACION",2018-12-14,233000,71,false,kavya1287,2020-12-03T07:31:16Z,"rap,hip hop,trap soul,emo rap","Universal Records",0.549,0.625,0,-6.717,0,0.0682,0.0485,0,0.239,0.158,79.949,4
spotify:track:6VS7wKwtvL2FvTupYSWZ9e,"Invincible","Spider-Man: Into the Spider-Verse (Soundtrack From & Inspired by the Motion Picture)","Aminé",2018-12-14,196386,59,false,kavya1287,2020-12-03T07:31:25Z,"","Universal Records",0.759,0.6,5,-4.391,0,0.29,0.145,0.000237,0.104,0.458,86.964,4
spotify:track:0todbbT9g5uQGbeFCiBf2F,"imagine","imagine","Ariana Grande",2018-12-14,212293,0,true,kavya1287,2020-12-03T07:31:30Z,"pop","Republic Records",0.714,0.474,8,-4.993,1,0.039,0.374,0,0.106,0.376,62.484,3
spotify:track:6lV2MSQmRIkycDScNtrBXO,"Airplanes (feat. Hayley Williams of Paramore)","B.o.B Presents: The Adventures of Bobby Ray","B.o.B;Hayley Williams",2010-04-27,180480,79,true,kavya1287,2020-12-03T07:31:35Z,"art pop","Rebel Rock/Grand Hustle/Atlantic",0.66,0.867,6,-4.285,0,0.116,0.11,0,0.0368,0.377,93.033,4
spotify:track:50Hv5NZIM0puIUoBttjpfb,"King of the Clouds","Pray for the Wicked","Panic! At The Disco",2018-06-22,160746,54,false,kavya1287,2020-12-03T07:31:43Z,"emo","DCD2 / Fueled By Ramen",0.285,0.922,2,-1.932,0,0.247,0.237,0,0.159,0.472,198.063,3
spotify:track:1vrd6UOGamcKNGnSHJQlSt,"Love Story","Fearless","Taylor Swift",2008-11-11,235266,66,false,kavya1287,2020-12-03T20:00:32Z,"","Taylor Swift",0.618,0.741,2,-3.95,1,0.031,0.17,0,0.0822,0.296,118.984,4
spotify:track:32mVHdy0bi1XKgr0ajsBlG,"Picture To Burn","Taylor Swift","Taylor Swift",2006-10-24,173066,62,false,kavya1287,2020-12-03T20:00:41Z,"","Taylor Swift",0.658,0.877,7,-2.098,1,0.0323,0.173,0,0.0962,0.821,105.586,4
spotify:track:3GCL1PydwsLodcpv0Ll1ch,"You Belong With Me","Fearless","Taylor Swift",2008-11-11,231133,67,false,kavya1287,2020-12-03T20:00:58Z,"","Taylor Swift",0.687,0.783,6,-4.44,1,0.0386,0.162,0.0000135,0.114,0.443,129.964,4
spotify:track:5Q0Nhxo0l2bP3pNjpGJwV1,"Party In The U.S.A.","The Time Of Our Lives","Miley Cyrus",2009-01-01,202066,77,false,kavya1287,2020-12-03T20:01:09Z,"","Hollywood Records",0.652,0.698,10,-4.667,0,0.042,0.00112,0.000115,0.0886,0.47,96.021,4
spotify:track:6F5c58TMEs1byxUstkzVeM,"Roar","PRISM (Deluxe)","Katy Perry",2013-10-18,223546,73,false,kavya1287,2020-12-07T20:16:52Z,"pop","Capitol Records (CAP)",0.671,0.771,7,-4.821,0,0.0316,0.00492,0.00000728,0.354,0.436,90.003,4
spotify:track:3Uo7WG0vmLQ07WB4BDwy7D,"willow","evermore","Taylor Swift",2020-12-10,214706,69,false,kavya1287,2020-12-18T06:42:29Z,"","Taylor Swift",0.392,0.579,7,-9.195,1,0.164,0.835,0.00179,0.145,0.549,80.961,4
spotify:track:6rap8NpGq8LDcVaJWkKFPn,"champagne problems","evermore","Taylor Swift",2020-12-10,244000,57,false,kavya1287,2020-12-18T06:42:37Z,"","Taylor Swift",0.463,0.248,0,-12.036,1,0.0374,0.92,0,0.113,0.325,171.346,4
spotify:track:2ZTKWFG6OtHI3ewy9OGNOY,"gold rush","evermore","Taylor Swift",2020-12-10,185320,46,false,kavya1287,2020-12-18T06:42:43Z,"","Taylor Swift",0.498,0.471,9,-10.406,1,0.0411,0.811,0.113,0.121,0.351,112.018,4
spotify:track:4GBkffrtA51p17JH35irGA,"‘tis the damn season","evermore","Taylor Swift",2020-12-10,229840,59,false,kavya1287,2020-12-18T06:42:51Z,"","Taylor Swift",0.575,0.435,5,-8.193,1,0.0311,0.737,0.0000538,0.105,0.351,145.91,4
spotify:track:34gCuhDGsG4bRPIf9bb02f,"Thinking out Loud","x (Deluxe Edition)","Ed Sheeran",2014-06-21,281560,85,false,kavya1287,2020-12-18T06:43:33Z,"soft pop","Atlantic Records UK",0.781,0.445,2,-6.061,1,0.0295,0.474,0,0.184,0.591,78.998,4
spotify:track:1HNkqx9Ahdgi1Ixy2xkKkL,"Photograph","x (Deluxe Edition)","Ed Sheeran",2014-06-21,258986,87,false,kavya1287,2020-12-18T06:43:40Z,"soft pop","Atlantic Records UK",0.614,0.379,4,-10.48,1,0.0476,0.607,0.000464,0.0986,0.201,107.989,4
spotify:track:1XpYodsD36XN7ygcdF7mJJ,"The A Team","+","Ed Sheeran",2011-09-09,258373,66,false,kavya1287,2020-12-18T06:44:50Z,"soft pop","Atlantic Records UK",0.642,0.289,9,-9.918,1,0.0367,0.669,0,0.18,0.407,84.996,4
spotify:track:5ubHAQtKuFfiG4FXfLP804,"Lego House","+","Ed Sheeran",2011-09-09,185093,72,false,kavya1287,2020-12-18T06:44:57Z,"soft pop","Atlantic Records UK",0.592,0.637,11,-8.48,1,0.0992,0.562,0,0.13,0.565,159.701,4
spotify:track:70eFcWOvlMObDhURTqT4Fv,"Beautiful People (feat. Khalid)","No.6 Collaborations Project","Ed Sheeran;Khalid",2019-07-12,197866,70,false,kavya1287,2020-12-18T06:45:09Z,"soft pop","Atlantic Records UK",0.64,0.647,5,-8.114,0,0.186,0.124,0,0.0801,0.546,92.979,4
spotify:track:7oolFzHipTMg2nL7shhdz2,"Eraser","÷ (Deluxe)","Ed Sheeran",2017-03-03,227426,57,false,kavya1287,2020-12-18T06:45:15Z,"soft pop","Atlantic Records UK",0.64,0.812,8,-5.647,0,0.0834,0.086,0,0.0509,0.914,86.013,4
spotify:track:2pJZ1v8HezrAoZ0Fhzby92,"What Do I Know?","÷ (Deluxe)","Ed Sheeran",2017-03-03,237333,65,false,kavya1287,2020-12-18T06:45:31Z,"soft pop","Atlantic Records UK",0.838,0.492,1,-5.69,0,0.038,0.251,0,0.262,0.895,115.092,4
spotify:track:3kwgqoBqTwoAH4nT29TYrq,"Nobody's Love","Nobody's Love","Maroon 5",2020-07-24,211253,11,false,kavya1287,2020-12-18T06:48:42Z,"pop","222 Records/Interscope Records",0.486,0.567,1,-6.456,1,0.0379,0.31,0,0.0949,0.154,93.68,4
spotify:track:2b8fOow8UzyDFAE27YhOZM,"Memories","Memories","Maroon 5",2019-09-20,189486,35,false,kavya1287,2020-12-18T06:48:50Z,"pop","222 Records/Interscope Records",0.764,0.32,11,-7.209,1,0.0546,0.837,0,0.0822,0.575,91.019,4
spotify:track:5eWgDlp3k6Tb5RD8690s6I,"Sugar","V (Deluxe)","Maroon 5",2014-09-02,235493,1,true,kavya1287,2020-12-18T06:49:01Z,"pop","222 Records/Interscope Records",0.744,0.783,1,-7.077,1,0.0337,0.0553,0,0.086,0.885,120.042,4
spotify:track:4P0osvTXoSYZZC2n8IFH3c,"Payphone","Overexposed (Deluxe)","Maroon 5;Wiz Khalifa",2012-01-01,231386,75,true,kavya1287,2020-12-18T06:49:47Z,"pop,rap","Interscope Records*",0.739,0.756,4,-4.828,1,0.0394,0.0136,0,0.37,0.523,110.028,4
spotify:track:306akccFCc6D29uDoBDt7t,"Girls Like You","Red Pill Blues (Deluxe)","Maroon 5",2017-11-03,215229,0,false,kavya1287,2020-12-18T06:49:56Z,"pop","222 Records/Interscope Records",0.601,0.469,0,-7.157,1,0.0563,0.571,0.00000112,0.128,0.399,60.356,4
spotify:track:4XNrMwGx1SqP01sqkGTDmo,"One More Night","Overexposed (Deluxe)","Maroon 5",2012-01-01,219466,76,false,kavya1287,2020-12-18T06:50:07Z,"pop","Interscope Records*",0.718,0.82,5,-3.453,0,0.0323,0.0444,0,0.0846,0.613,92.998,4
spotify:track:2dyyOwe0KxTZTJjjXDeLmU,"Feelings","V","Maroon 5",2014-09-02,194773,55,true,kavya1287,2020-12-18T06:50:17Z,"pop","Interscope Records*",0.693,0.727,10,-5.364,0,0.0749,0.00365,0,0.0576,0.746,121.937,4
spotify:track:3AJwUDP919kvQ9QcozQPxg,"Yellow","Parachutes","Coldplay",2000-07-10,266773,92,false,kavya1287,2020-12-18T06:51:08Z,"","Parlophone UK",0.429,0.661,11,-7.227,1,0.0281,0.00239,0.000121,0.234,0.285,173.372,4
spotify:track:6nek1Nin9q48AVZcWs9e9D,"Paradise","Mylo Xyloto","Coldplay",2011-10-24,278719,85,false,kavya1287,2020-12-18T06:51:16Z,"","Parlophone UK",0.449,0.585,5,-6.761,1,0.0268,0.0509,0.0000875,0.0833,0.212,139.631,4
spotify:track:75JFxkI2RXiU7L9VXzMkle,"The Scientist","A Rush of Blood to the Head","Coldplay",2002-08-27,309600,89,false,kavya1287,2020-12-18T06:51:25Z,"","Parlophone Records Limited",0.557,0.442,5,-7.224,1,0.0243,0.731,0.0000146,0.11,0.213,146.277,4
spotify:track:0BCPKOYdS2jbQ8iyB56Zns,"Clocks","A Rush of Blood to the Head","Coldplay",2002-08-27,307879,86,false,kavya1287,2020-12-18T06:51:49Z,"","Parlophone Records Limited",0.577,0.749,5,-7.215,0,0.0279,0.599,0.0115,0.183,0.255,130.97,4
spotify:track:23khhseCLQqVMCIT1WMAns,"Magic","Ghost Stories","Coldplay",2014-05-16,285014,72,false,kavya1287,2020-12-18T06:51:59Z,"","Parlophone UK",0.738,0.482,6,-8.917,0,0.0402,0.0266,0.621,0.106,0.352,93.457,4
spotify:track:0R8P9KfGJCDULmlEoBagcO,"Trouble","Parachutes","Coldplay",2000-07-10,273426,76,false,kavya1287,2020-12-18T06:52:47Z,"","Parlophone UK",0.565,0.546,11,-7.496,0,0.0314,0.189,0.0015,0.17,0.195,139.757,4
spotify:track:2DHgvPQD1jApRnT1DBZdrS,"High Speed","Parachutes","Coldplay",2000-07-10,256466,63,false,kavya1287,2020-12-18T06:53:26Z,"","Parlophone UK",0.495,0.525,7,-9.342,0,0.0301,0.396,0.00736,0.0961,0.249,154.466,4
spotify:track:0bZFa5DZcx9HWx25m2Nd19,"Dream","Wonder","Shawn Mendes",2020-12-04,214751,44,false,kavya1287,2020-12-18T07:05:55Z,"","Shawn Mendes LP4-5 PS/ Island",0.492,0.672,2,-6.779,1,0.0366,0.539,0.000212,0.116,0.229,140.027,4
spotify:track:5KCbr5ndeby4y4ggthdiAb,"Wonder","Wonder","Shawn Mendes",2020-10-02,172692,66,false,kavya1287,2020-12-18T07:06:01Z,"","Shawn Mendes LP4-5 PS/ Island",0.333,0.637,1,-4.904,0,0.0581,0.131,0.000018,0.149,0.132,139.898,4
spotify:track:7JJmb5XwzOO8jgpou264Ml,"There's Nothing Holdin' Me Back","Illuminate (Deluxe)","Shawn Mendes",2017-04-20,199440,88,false,kavya1287,2020-12-18T07:06:10Z,"","Island Records",0.866,0.811,11,-4.063,0,0.0553,0.375,0,0.078,0.969,121.995,4
spotify:track:5ld8E3DVBXCCWQ54yrkWVp,"305","Wonder","Shawn Mendes",2020-12-04,189072,56,false,kavya1287,2020-12-18T07:06:49Z,"","Shawn Mendes LP4-5 PS/ Island",0.562,0.869,6,-5.38,1,0.058,0.205,0.0293,0.122,0.928,164.936,4
spotify:track:6KVxMOxlSYpC5nrvyWhYhx,"Call My Friends","Wonder","Shawn Mendes",2020-12-04,171078,42,false,kavya1287,2020-12-18T07:06:54Z,"","Shawn Mendes LP4-5 PS/ Island",0.53,0.79,7,-5.031,1,0.0344,0.0512,0.00000107,0.122,0.438,146.09,4
spotify:track:56KDoLjFIm7Yc7fX1XgpNw,"Always Been You","Wonder","Shawn Mendes",2020-12-04,167193,54,false,kavya1287,2020-12-18T07:07:03Z,"","Shawn Mendes LP4-5 PS/ Island",0.37,0.39,3,-6.958,1,0.0419,0.229,0,0.0823,0.309,124.802,4
spotify:track:385VOmGbguaPG57TgoW8Lh,"24 Hours","Wonder","Shawn Mendes",2020-12-04,150781,45,false,kavya1287,2020-12-18T07:07:07Z,"","Shawn Mendes LP4-5 PS/ Island",0.351,0.368,5,-8.132,1,0.0557,0.488,0.00603,0.124,0.362,84.224,4
spotify:track:5jpNBhgAk5OmfB0W5i5NaO,"Piece Of You","Wonder","Shawn Mendes",2020-12-04,175781,52,false,kavya1287,2020-12-18T07:08:39Z,"","Shawn Mendes LP4-5 PS/ Island",0.757,0.628,6,-3.944,1,0.077,0.0147,0,0.05,0.609,100.004,4
spotify:track:0UauNGiFTVXTsgvVz6LBMf,"Look Up At The Stars","Wonder","Shawn Mendes",2020-12-04,211850,48,false,kavya1287,2020-12-18T07:08:43Z,"","Shawn Mendes LP4-5 PS/ Island",0.359,0.585,2,-4.722,1,0.0374,0.0576,0,0.194,0.447,168.026,4
spotify:track:7eD2qAkE1EAs9poZhpVD6o,"Before the Worst","The Script","The Script",2008-09-08,203106,32,false,kavya1287,2020-12-18T07:09:48Z,"","Phonogenic",0.586,0.928,8,-4.231,0,0.0463,0.141,0,0.655,0.4,115.006,4
spotify:track:5ZvcukFVP22G9BzQ0QrcCS,"Rusty Halo","The Script","The Script",2008-09-08,214946,23,false,kavya1287,2020-12-18T07:09:54Z,"","Phonogenic",0.523,0.932,8,-3.359,1,0.0374,0.00686,0,0.328,0.844,152.044,4
spotify:track:6R9Hr8YQs2fKjOG7TdWDsg,"I'm Yours","The Script","The Script",2008-09-08,255440,24,false,kavya1287,2020-12-18T07:10:00Z,"","Phonogenic",0.646,0.352,5,-10.291,1,0.0276,0.83,0.0000132,0.129,0.0596,104.956,4
spotify:track:3nqqDo8CcCLke3ZoTgiOKf,"The Man Who Can't Be Moved","The Script","The Script",2008-07-14,241373,86,false,kavya1287,2020-12-18T07:10:07Z,"","Epic/Phonogenic",0.605,0.629,10,-5.051,1,0.0279,0.437,0,0.097,0.308,99.894,4
spotify:track:7DQS4VkizbhSGPO2nlHj2y,"The End Where I Begin","The Script","The Script",2008-09-08,214093,24,false,kavya1287,2020-12-18T07:10:13Z,"","Phonogenic",0.502,0.612,8,-5.746,0,0.0255,0.0961,0,0.116,0.0697,109.992,4
spotify:track:7ybTXgmWoVFV33te4kVlUR,"Run Through Walls","Sunsets & Full Moons","The Script",2019-11-08,206697,46,false,kavya1287,2020-12-18T07:10:19Z,"","Columbia",0.337,0.66,2,-3.644,1,0.0324,0.226,0,0.744,0.49,158.864,4
spotify:track:285hMzLhJwHVLe9QT9qilk,"Breakeven","The Script","The Script",2008-07-14,261426,83,false,kavya1287,2020-12-18T07:10:41Z,"","Epic/Phonogenic",0.63,0.696,10,-4.501,1,0.0242,0.144,0,0.0835,0.491,94.034,4
spotify:track:0c3yfC8zMRJGvmqphczhZb,"Nothing","Science & Faith (US Version)","The Script",2011-01-18,272213,57,false,kavya1287,2020-12-18T07:10:56Z,"","Phonogenic",0.473,0.833,2,-5.013,1,0.039,0.00369,0,0.118,0.503,157.012,4
spotify:track:2QWP8NYYplOqEFBYGCcq0S,"Rain","Freedom Child","The Script",2017-09-01,209346,57,true,kavya1287,2020-12-18T07:11:08Z,"","Columbia",0.689,0.586,6,-7.61,1,0.107,0.241,0,0.356,0.611,93.02,4
spotify:track:3mTEYjm3kIm4YzJ5zxJZjs,"Flares","No Sound Without Silence","The Script",2014-09-15,229320,54,false,kavya1287,2020-12-18T07:11:54Z,"","Columbia",0.348,0.351,0,-9.883,0,0.0344,0.408,0,0.055,0.0661,164.054,4
spotify:track:0Dv4DdNy1xnhNcCd9YVoiH,"No Good in Goodbye","No Sound Without Silence","The Script",2014-09-15,307680,52,false,kavya1287,2020-12-18T07:12:01Z,"","Columbia",0.366,0.873,4,-4.654,1,0.0436,0.0104,0,0.0839,0.216,156.03,4
spotify:track:4VTL9bM6qaSTsYGVianqzr,"If You Could See Me Now","#3","The Script",2012-10-09,219554,45,true,kavya1287,2020-12-18T07:12:07Z,"","Epic/Phonogenic",0.602,0.758,0,-6.864,1,0.0399,0.00569,0,0.145,0.368,100.017,4
spotify:track:600oiqLkQIJ85HvQGIQWvO,"The Last Time","Sunsets & Full Moons","The Script",2019-11-08,196110,52,false,kavya1287,2020-12-18T07:12:13Z,"","Columbia",0.521,0.746,5,-3.421,1,0.0349,0.0486,0,0.236,0.15,132.014,4
spotify:track:5jJXjQcZUdL7sj3hCW4LrJ,"Wonders","Freedom Child","The Script",2017-09-01,258262,43,false,kavya1287,2020-12-18T07:12:18Z,"","Columbia",0.599,0.67,2,-5.889,1,0.0321,0.0111,0,0.181,0.366,129.879,4
spotify:track:0eL459KLWfWjAJswx9MysK,"Something Unreal","The Last Time","The Script",2019-11-01,211653,27,false,kavya1287,2020-12-18T07:12:36Z,"","Columbia",0.572,0.775,0,-4.828,1,0.0587,0.00259,0.0000101,0.139,0.501,133.914,4
spotify:track:3WTUNLFtzWaDwfFfZJZ9d8,"Arms Open","Freedom Child","The Script",2017-09-01,240824,46,false,kavya1287,2020-12-18T07:13:04Z,"","Columbia",0.513,0.554,3,-5.638,1,0.0372,0.488,0.000259,0.111,0.722,175.958,4
spotify:track:7zsXy7vlHdItvUSH8EwQss,"Cold Water","Cold Water","Major Lazer;Justin Bieber;MØ",2016-07-22,185360,70,false,kavya1287,2020-12-18T07:13:27Z,"moombahton","Mad Decent PS (Bieber/Major Lazer)",0.608,0.798,6,-5.092,0,0.0432,0.0736,0,0.156,0.5,92.946,4
spotify:track:1mea3bSkSGXuIRvnydlB5b,"Viva La Vida","Viva La Vida or Death and All His Friends","Coldplay",2008-06-06,242373,88,false,kavya1287,2020-12-18T07:13:36Z,"","Parlophone UK",0.486,0.617,5,-7.115,0,0.0287,0.0954,0.00000323,0.109,0.417,138.015,4
spotify:track:7LVHVU3tWfcxj5aiPFEW4Q,"Fix You","X&Y","Coldplay",2005-06-07,295533,86,false,kavya1287,2020-12-18T07:13:52Z,"","Parlophone Records Limited",0.209,0.417,3,-8.74,1,0.0338,0.164,0.00196,0.113,0.124,138.178,4
spotify:track:0FDzzruyVECATHXKHFs9eJ,"A Sky Full of Stars","Ghost Stories","Coldplay",2014-05-16,267866,87,false,kavya1287,2020-12-18T07:14:12Z,"","Parlophone UK",0.545,0.675,6,-6.474,1,0.0279,0.00617,0.00197,0.209,0.162,124.97,4
spotify:track:69uxyAqqPIsUyTO8txoP2M,"Adventure of a Lifetime","A Head Full of Dreams","Coldplay",2015-12-04,263786,86,false,kavya1287,2020-12-18T07:14:16Z,"","Parlophone UK",0.638,0.924,7,-3.887,1,0.036,0.00205,0.000175,0.149,0.53,111.995,4
spotify:track:4fzyvSu73BhGvi96p2zwjL,"Christmas Lights","Christmas Lights","Coldplay",2010-12-01,242495,84,false,kavya1287,2020-12-18T07:14:26Z,"","Parlophone UK",0.315,0.418,7,-9.146,1,0.0299,0.131,0.000679,0.0836,0.237,129.116,4
spotify:track:7D0RhFcb3CrfPuTJ0obrod,"Sparks","Parachutes","Coldplay",2000-07-10,227093,91,false,kavya1287,2020-12-18T07:14:30Z,"","Parlophone UK",0.371,0.268,1,-10.506,1,0.0281,0.748,0.0517,0.104,0.165,102.617,3
spotify:track:7clUVcSOtkNWa58Gw5RfD4,"Speed of Sound","X&Y","Coldplay",2005-06-07,287906,73,false,kavya1287,2020-12-18T07:14:41Z,"","Parlophone Records Limited",0.514,0.898,11,-6.765,0,0.0577,0.00488,0.0345,0.0746,0.353,123.067,4
spotify:track:2QhURnm7mQDxBb5jWkbDug,"Don't Panic","Parachutes","Coldplay",2000-07-10,136866,71,false,kavya1287,2020-12-18T07:14:48Z,"","Parlophone UK",0.602,0.612,0,-8.409,1,0.0335,0.206,0.00607,0.107,0.453,122.062,4
spotify:track:4Jz4bjXeiF2SXVj9P4YfY5,"Keep Your Head Up","Andy Grammer","Andy Grammer",2011-06-14,189933,1,false,kavya1287,2020-12-18T07:17:20Z,"","S-Curve Records",0.674,0.778,0,-5.367,1,0.0376,0.0469,0,0.145,0.816,90.01,4
spotify:track:4MflGTO2ZTcSQ12bWcyRgI,"Honey, I'm Good.","Magazines Or Novels","Andy Grammer",2014-08-05,199263,4,false,kavya1287,2020-12-18T07:17:25Z,"","S-Curve Records",0.752,0.775,9,-7.289,1,0.0546,0.0324,0,0.351,0.595,122.014,4
spotify:track:5A3fPy30SN2wuzrahpcxvV,"Don't Give Up On Me - (From ""Five Feet Apart"")","Naive","Andy Grammer",2019-07-26,196187,2,false,kavya1287,2020-12-18T07:17:29Z,"","S-Curve Records",0.641,0.537,0,-5.452,0,0.0282,0.0875,0.00000905,0.115,0.0681,112.864,4
spotify:track:4wTChU0tU44TAMC0xcQizi,"Fine By Me","Andy Grammer","Andy Grammer",2011-06-14,172893,0,false,kavya1287,2020-12-18T07:17:34Z,"","S-Curve Records",0.583,0.791,11,-4.087,1,0.0318,0.00877,0,0.0451,0.878,89.993,4
spotify:track:07HeFSqsEGq4eWyerDrW1a,"Back Home","Magazines Or Novels","Andy Grammer",2014-08-05,199112,0,false,kavya1287,2020-12-18T07:17:38Z,"","S-Curve Records",0.621,0.827,11,-7.309,1,0.0454,0.0409,0,0.0815,0.65,99.979,4
spotify:track:3CAqTfkRgmImhxYDjyL6S7,"I Found You","Naive","Andy Grammer",2019-07-26,151733,0,false,kavya1287,2020-12-18T07:19:24Z,"","S-Curve Records",0.728,0.701,1,-6.58,1,0.0406,0.0945,0.0000208,0.181,0.413,137.97,4
spotify:track:1likxiGuFOCkY2WtGbHj3F,"Smoke Clears","The Good Parts","Andy Grammer",2017-12-01,177925,0,false,kavya1287,2020-12-18T07:19:30Z,"","S-Curve Records",0.595,0.81,7,-3.665,1,0.0465,0.413,0,0.111,0.482,99.947,4
spotify:track:6vT6XNtB5zESrlGY3rLqiV,"Miss Me","Andy Grammer","Andy Grammer",2011-06-14,221106,0,false,kavya1287,2020-12-18T07:19:38Z,"","S-Curve Records",0.525,0.772,11,-4.005,1,0.0274,0.000689,0,0.161,0.24,98.983,4
spotify:track:4m4dmiW49WkRkSWliJ5Zoj,"Thousand Faces","Thousand Faces","Don Diablo;Andy Grammer",2020-06-19,178762,42,false,kavya1287,2020-12-18T07:19:43Z,"future house,edm","Intercord",0.577,0.821,11,-3.068,1,0.0455,0.536,0,0.0949,0.525,97.015,4
spotify:track:0KednpCIKKLMC17fcW80cN,"My Own Hero","Naive","Andy Grammer",2019-07-26,209548,0,false,kavya1287,2020-12-18T07:19:59Z,"","S-Curve Records",0.405,0.437,7,-6.996,1,0.0517,0.141,0,0.393,0.248,184.232,3
spotify:track:5ynhnYZ6zRVd1j5X73WzZh,"Co-Pilot","Magazines Or Novels (Deluxe Edition)","Andy Grammer",2015-11-20,184774,0,false,kavya1287,2020-12-18T07:20:04Z,"","S-Curve Records",0.585,0.716,6,-5.418,1,0.0314,0.0464,0,0.0621,0.474,97.04,4
spotify:track:0W3xE0wwI1dORmrkbgTIkh,"Hey Hey Hallelujah (feat. Andy Grammer)","Wildfire","Rachel Platten;Andy Grammer",2016-01-01,176240,33,false,kavya1287,2020-12-18T07:20:13Z,"","Columbia",0.564,0.962,9,-2.459,1,0.298,0.216,0.0000663,0.333,0.599,186.139,4
spotify:track:4Yp5KR2LRrnLh1PC7PUcYS,"The Pocket","Andy Grammer","Andy Grammer",2011-06-14,233666,0,false,kavya1287,2020-12-18T07:20:19Z,"","S-Curve Records",0.664,0.763,9,-5.084,1,0.122,0.0503,0,0.239,0.555,99.966,4
spotify:track:53AuxddsgPSlqM619nJhSd,"The Phoenix","Save Rock And Roll","Fall Out Boy",2013-04-12,244960,58,false,kavya1287,2020-12-18T07:21:52Z,"emo,pop punk","Island Records",0.561,0.964,4,-2.993,0,0.0719,0.000557,0.00000146,0.579,0.411,138.064,4
spotify:track:5PUawWFG1oIS2NwEcyHaCr,"Uma Thurman","American Beauty/American Psycho","Fall Out Boy",2015-01-16,211573,70,false,kavya1287,2020-12-18T07:21:58Z,"emo,pop punk","Island Records",0.623,0.961,4,-2.616,0,0.0869,0.102,0.000171,0.264,0.668,149.963,4
spotify:track:3znPiywA0q1VK2jgAZFDoI,"Irresistible","American Beauty/American Psycho","Fall Out Boy",2015-01-16,206506,64,false,kavya1287,2020-12-18T07:22:05Z,"emo,pop punk","Island Records",0.485,0.938,2,-3.123,1,0.112,0.0706,0,0.236,0.444,165.049,4
spotify:track:3nSiB5WCF2pmRQrYSsteHv,"Young Volcanoes","Save Rock And Roll","Fall Out Boy",2013-04-12,204506,54,false,kavya1287,2020-12-18T07:22:14Z,"emo,pop punk","Island Records",0.599,0.853,11,-3.878,0,0.0365,0.00123,0.000504,0.37,0.676,94.998,4
spotify:track:1ychZD7Tj9uGxqOYlCQPYD,"Centuries","Throwback Hits","Fall Out Boy",2020-12-18,228760,30,false,kavya1287,2020-12-18T07:22:22Z,"emo,pop punk","UME - Global Clearing House",0.391,0.864,4,-2.841,0,0.0731,0.00409,0,0.1,0.523,176.016,4
spotify:track:0VjIjW4GlUZAMYd2vXMi3b,"Blinding Lights","After Hours","The Weeknd",2020-03-20,200040,91,false,kavya1287,2020-12-18T19:07:56Z,"","Republic Records",0.513,0.73,1,-5.94,1,0.0598,0.00143,0.0000954,0.0897,0.334,171.001,4
spotify:track:7fBv7CLKzipRk6EC6TWHOB,"The Hills","Beauty Behind The Madness","The Weeknd",2015-08-28,242253,88,true,kavya1287,2020-12-18T19:08:03Z,"","Universal Republic Records",0.585,0.564,0,-7.063,0,0.0515,0.0671,0,0.135,0.137,113.003,4
spotify:track:7MXVkk9YMctZqd1Srtv4MB,"Starboy","Starboy","The Weeknd;Daft Punk",2016-11-25,230453,91,true,kavya1287,2020-12-18T19:08:10Z,"french house,electronic,electro","Universal Republic Records",0.679,0.587,7,-7.015,1,0.276,0.141,0.00000635,0.137,0.486,186.003,4
spotify:track:6wQlQrTY5mVS8EGaFZVwVF,"Smile (with The Weeknd)","Legends Never Die","Juice WRLD;The Weeknd",2020-07-10,196180,69,true,kavya1287,2020-12-18T19:08:18Z,"melodic rap,emo rap","Grade A Productions/Interscope Records",0.694,0.685,6,-6.535,0,0.133,0.224,0,0.124,0.306,158.831,4
spotify:track:6bnF93Rx87YqUBLSgjiMU8,"Heartless","After Hours","The Weeknd",2020-03-20,198266,79,true,kavya1287,2020-12-18T19:08:26Z,"","Republic Records",0.537,0.746,10,-5.507,0,0.15,0.0236,0.000001,0.156,0.252,170.083,4
spotify:track:1EIsJed40cd7Bcv8SXVdqA,"Smile (with The Weeknd)","Smile (with The Weeknd)","Juice WRLD;The Weeknd",2020-08-07,196180,54,true,kavya1287,2020-12-18T19:08:38Z,"melodic rap,emo rap","Grade A Productions/Interscope Records",0.694,0.685,6,-6.535,0,0.133,0.224,0,0.124,0.306,158.831,4
spotify:track:7E1jVNoWuemqUryI4FxsVD,"off the table (with The Weeknd)","Positions","Ariana Grande;The Weeknd",2020-10-30,239949,66,false,kavya1287,2020-12-18T19:08:45Z,"pop","Republic Records",0.411,0.522,0,-7.295,1,0.0981,0.519,0,0.398,0.382,88.332,1
spotify:track:4F7A0DXBrmUAkp32uenhZt,"Party Monster","Starboy","The Weeknd",2016-11-25,249213,80,true,kavya1287,2020-12-18T19:08:54Z,"","Universal Republic Records",0.573,0.63,1,-8.389,1,0.105,0.189,0.0000231,0.259,0.218,77.525,4
spotify:track:57qiTKh8bVX0VtfUNTQqhw,"Nothing Without You","Starboy","The Weeknd",2016-11-25,198653,59,false,kavya1287,2020-12-18T19:09:22Z,"","Universal Republic Records",0.575,0.634,1,-8.1,1,0.0681,0.0646,0,0.0878,0.191,109.833,4
spotify:track:1CS7Sd1u5tWkstBhpssyjP,"Take Me to Church","Hozier (Expanded Edition)","Hozier",2014-09-19,241688,81,false,kavya1287,2020-12-18T19:09:51Z,"","Columbia",0.566,0.664,4,-5.303,0,0.0464,0.634,0,0.116,0.437,128.945,4
spotify:track:4bHsxqR3GMrXTxEPLuK5ue,"Don't Stop Believin'","Escape (Bonus Track Version)","Journey",1981,250986,13,false,kavya1287,2020-12-18T19:11:06Z,"aor,classic rock","Columbia",0.5,0.748,4,-9.072,1,0.0363,0.127,0,0.447,0.514,118.852,4
spotify:track:57ebBLITHpRgRKGrlbxMZS,"Faithfully","Frontiers","Journey",1983-02-22,267080,1,false,kavya1287,2020-12-18T19:11:16Z,"aor,classic rock","Columbia/Legacy",0.39,0.644,11,-5.212,1,0.0281,0.0979,0,0.109,0.266,129.752,4
spotify:track:37ZJ0p5Jm13JPevGcx4SkF,"Livin' On A Prayer","Slippery When Wet","Bon Jovi",1986-08-16,249293,82,false,kavya1287,2020-12-18T19:11:23Z,"glam metal,rock","Island Records",0.532,0.887,0,-3.757,1,0.0335,0.0778,0.000206,0.294,0.794,122.509,4
spotify:track:5zA8vzDGqPl2AzZkEYQGKh,"Uptown Girl","An Innocent Man","Billy Joel",1983-08-08,198294,83,false,kavya1287,2020-12-18T19:11:30Z,"soft rock","Columbia",0.701,0.944,4,-2.986,1,0.0455,0.0755,0,0.601,0.792,128.993,4
spotify:track:5RsUlxLto4NZbhJpqJbHfN,"Jessie's Girl","Working Class Dog","Rick Springfield",1981-03-13,194120,73,false,kavya1287,2020-12-18T19:11:39Z,"yacht rock","RCA/Legacy",0.727,0.834,2,-5.851,1,0.0496,0.165,0,0.105,0.816,131.7,4
spotify:track:0vOkmmJEtjuFZDzrQSFzEE,"Hit Me With Your Best Shot","Crimes Of Passion","Pat Benatar",1980-08-05,171266,71,false,kavya1287,2020-12-18T19:11:51Z,"aor","Chrysalis\EMI Records (USA)",0.741,0.58,4,-9.05,1,0.0304,0.117,0.0000361,0.212,0.944,127.402,4
spotify:track:3gdewACMIVMEWVbyb8O9sY,"Rocket Man (I Think It's Going To Be A Long, Long Time)","Honky Chateau","Elton John",1972-05-19,281613,84,false,kavya1287,2020-12-18T19:59:45Z,"","EMI",0.601,0.532,10,-9.119,1,0.0286,0.433,0.00000595,0.0925,0.342,136.576,4
spotify:track:2TVxnKdb3tqe1nhQWwwZCO,"Tiny Dancer","Madman Across The Water","Elton John",1971-11-05,377093,78,false,kavya1287,2020-12-18T19:59:52Z,"","EMI",0.414,0.428,0,-11.097,1,0.0278,0.382,0.000243,0.148,0.282,145.075,4
spotify:track:6Rvlwah55rEmg1ufhBz022,"Goodbye Yellow Brick Road - Remastered 2014","Goodbye Yellow Brick Road (Remastered / Deluxe Edition)","Elton John",1973-10-05,192826,0,false,kavya1287,2020-12-18T20:00:01Z,"","UMC (Universal Music Catalogue)",0.559,0.473,5,-7.712,1,0.0279,0.446,0.00141,0.154,0.397,121.227,4
spotify:track:1CPmTJHyeVRWsc6Va27fpQ,"Take Me To The Pilot","Elton John","Elton John",1970-04-10,226626,46,false,kavya1287,2020-12-18T20:00:08Z,"","EMI",0.403,0.525,5,-9.283,1,0.0931,0.391,0,0.214,0.584,82.862,4
spotify:track:2u2udGmop1z67EPpr91km7,"Man in the Mirror","HIStory - PAST, PRESENT AND FUTURE - BOOK I","Michael Jackson",1995-06-16,318687,68,false,kavya1287,2020-12-18T20:00:35Z,"","Epic",0.794,0.798,8,-5.639,1,0.0366,0.429,0.0000116,0.118,0.265,100.338,4
spotify:track:7azo4rpSUh8nXgtonC6Pkq,"Thriller","Scream","Michael Jackson",2017-09-27,358053,62,false,kavya1287,2020-12-18T20:00:41Z,"","Epic/Legacy",0.764,0.887,11,-3.726,1,0.0744,0.0816,0.00011,0.847,0.72,118.427,4
spotify:track:65fpYBrI8o2cfrwf2US4gq,"Rewrite The Stars","The Greatest Showman (Original Motion Picture Soundtrack)","Zac Efron;Zendaya",2017-12-08,217440,73,false,kavya1287,2021-01-05T18:38:28Z,"musicals","Atlantic Records",0.684,0.619,10,-7.005,1,0.0386,0.0716,0,0.122,0.284,125.046,4
spotify:track:4ylWMuGbMXNDgDd8lErEle,"The Greatest Show","The Greatest Showman (Original Motion Picture Soundtrack)","Hugh Jackman;Keala Settle;Zac Efron;Zendaya;The Greatest Showman Ensemble",2017-12-08,302146,72,false,kavya1287,2021-01-05T18:38:34Z,"musicals","Atlantic Records",0.417,0.824,11,-7.36,0,0.105,0.000239,0.0545,0.0725,0.4,157.92,4
spotify:track:0RoA7ObU6phWpqhlC9zH4Z,"A Million Dreams","The Greatest Showman (Original Motion Picture Soundtrack)","Ziv Zaifman;Hugh Jackman;Michelle Williams",2017-12-08,269453,76,false,kavya1287,2021-01-05T18:38:41Z,"musicals","Atlantic Records",0.265,0.312,7,-11.689,1,0.0569,0.243,0,0.0893,0.0998,54.747,3
spotify:track:4TTV7EcfroSLWzXRY6gLv6,"Alexander Hamilton","Hamilton (Original Broadway Cast Recording)","Leslie Odom Jr.;Daveed Diggs;Okieriete Onaodowan;Lin-Manuel Miranda;Phillipa Soo;Christopher Jackson;Original Broadway Cast of Hamilton",2015-09-25,236737,74,false,kavya1287,2021-02-05T01:00:23Z,"musicals","Atlantic Records",0.609,0.435,11,-7.861,0,0.285,0.522,0,0.118,0.552,131.995,4
spotify:track:4cxvludVmQxryrnx1m9FqL,"My Shot","Hamilton (Original Broadway Cast Recording)","Lin-Manuel Miranda;Daveed Diggs;Okieriete Onaodowan;Leslie Odom Jr.;Original Broadway Cast of Hamilton",2015-09-25,333154,73,true,kavya1287,2021-02-05T01:00:32Z,"musicals","Atlantic Records",0.698,0.649,8,-6.764,1,0.415,0.15,0,0.0903,0.568,180.466,4
spotify:track:2qFIJT5hjqaNFA1GKwl9me,"Take a Break","Hamilton (Original Broadway Cast Recording)","Phillipa Soo;Lin-Manuel Miranda;Renée Elise Goldsberry",2015-09-25,286485,67,false,kavya1287,2021-02-05T01:00:45Z,"musicals","Atlantic Records",0.552,0.371,4,-9.426,1,0.227,0.587,0,0.18,0.587,81.548,4
spotify:track:7lPN2DXiMsVn7XUKtOW1CS,"drivers license","drivers license","Olivia Rodrigo",2021-01-08,242013,60,true,kavya1287,2021-02-17T18:04:19Z,"","Olivia Rodrigo PS",0.585,0.436,10,-8.761,1,0.0601,0.721,0.0000131,0.105,0.132,143.874,4
spotify:track:1eNoiSrvdNWZfCOrP37jSf,"positions","Positions","Ariana Grande",2020-10-30,172324,52,false,kavya1287,2021-02-17T19:15:42Z,"pop","Republic Records",0.735,0.805,5,-4.821,1,0.0888,0.468,0,0.094,0.617,144.02,4
spotify:track:71IEKZtnuNR9W0Sl2CsvZU,"34+35","Positions","Ariana Grande",2020-10-30,173710,48,false,kavya1287,2021-02-17T19:15:50Z,"pop","Republic Records",0.822,0.577,5,-6.449,1,0.0693,0.264,0,0.265,0.496,110.005,4
spotify:track:3Hgk2MiY3hIIp6Hmf1fxeW,"motive (with Doja Cat)","Positions","Ariana Grande;Doja Cat",2020-10-30,167989,45,false,kavya1287,2021-02-17T19:15:59Z,"pop","Republic Records",0.793,0.751,10,-5.67,0,0.0795,0.0752,0,0.173,0.646,116.966,4
spotify:track:0IktbUcnAGrvD03AWnz3Q8,"Lucky","We Sing. We Dance. We Steal Things.","Jason Mraz;Colbie Caillat",2008-05-12,189613,68,false,kavya1287,2021-02-19T03:08:22Z,"soft pop,acoustic pop","Atlantic Records/ATG",0.625,0.414,0,-8.7,1,0.0369,0.294,0,0.151,0.669,130.088,4
spotify:track:1pIMxRddmCGalHnRbLFkWg,"Have It All","Have It All","Jason Mraz",2018-04-27,226098,48,false,kavya1287,2021-02-19T03:08:46Z,"soft pop,acoustic pop","Atlantic Records",0.643,0.617,1,-4.95,0,0.041,0.194,0,0.0989,0.592,82.029,4
spotify:track:53QF56cjZA9RTuuMZDrSA6,"I Won't Give Up","Love Is a Four Letter Word (Deluxe Edition)","Jason Mraz",2012-04-13,240165,71,false,kavya1287,2021-02-19T03:08:58Z,"soft pop,acoustic pop","Atlantic Records",0.483,0.303,4,-10.058,1,0.0429,0.694,0,0.115,0.139,133.406,3
spotify:track:4wCmqSrbyCgxEXROQE6vtV,"Somebody That I Used To Know","Making Mirrors","Gotye;Kimbra",2011-01-01,244973,78,false,kavya1287,2021-02-19T03:34:20Z,"","Samples & Seconds / Republic",0.864,0.495,0,-7.036,1,0.037,0.591,0.000133,0.0992,0.72,129.062,4
spotify:track:37R0bQOQj5a7DOqh1TGzvB,"One Call Away","Nine Track Mind","Charlie Puth",2016-01-29,194453,71,false,kavya1287,2021-05-25T21:11:27Z,"soft pop,pop","Artist Partner",0.667,0.613,1,-5.353,1,0.0344,0.403,0,0.115,0.47,91.024,4
spotify:track:6C6fHTuFUxVtJpBOOaMvJr,"Shameless","Beauty Behind The Madness","The Weeknd",2015-08-28,253506,68,true,kavya1287,2021-09-04T05:07:01Z,"","Universal Republic Records",0.603,0.563,6,-8.313,1,0.027,0.147,0,0.109,0.234,100.06,4
spotify:track:4mU5iXHeLgbR94siF7p1sY,"Six Feet Under","Starboy","The Weeknd",2016-11-25,237573,67,true,kavya1287,2021-09-04T05:08:47Z,"","Universal Republic Records",0.772,0.504,6,-8.219,0,0.0761,0.129,0,0.125,0.244,140.035,4
spotify:track:1BSMpVGWs3v5BZKnAQziAc,"Light Switch","Light Switch","Charlie Puth",2022-01-20,185680,2,false,kavya1287,2022-01-31T23:58:14Z,"soft pop,pop","Atlantic Records",0.69,0.626,6,-5.693,1,0.306,0.105,0.000335,0.0881,0.912,184.009,4
spotify:track:7EZC6E7UjZe63f1jRmkWxt,"Zombie","No Need To Argue (The Complete Sessions 1994-1995)","The Cranberries",1994-10-03,306440,35,false,kavya1287,2024-08-27T03:57:08Z,"","Island Records",0.309,0.649,7,-8.994,1,0.035,0.0158,0.00591,0.367,0.312,166.915,4
spotify:track:7rdUtXasA973gmrr2Xxh3E,"Homemade Dynamite (Feat. Khalid, Post Malone & SZA) - REMIX","Homemade Dynamite (Feat. Khalid, Post Malone & SZA) [REMIX]","Lorde;Khalid;Post Malone;SZA",2017-09-14,214254,66,true,kavya1287,2025-03-13T20:47:32Z,"r&b","Universal Music New Zealand Limited",0.781,0.548,0,-4.997,0,0.0764,0.229,0,0.127,0.175,106.996,4
spotify:track:4iZ4pt7kvcaH6Yo8UoZ4s2,"Snooze","SOS","SZA",2022-12-09,201800,88,true,kavya1287,2025-03-16T19:38:50Z,"r&b","Top Dawg Entertainment/RCA Records",0.559,0.551,5,-7.231,1,0.132,0.141,0,0.11,0.392,143.008,4
spotify:track:6ouhsRJ7gExB7LCYjITk4Y,"Diet Pepsi","Addison","Addison Rae",2025-06-06,169697,82,false,kavya1287,2025-08-27T05:22:55Z,"","Columbia",0.668,0.56,10,-6.54,1,0.0416,0.499,0.00661,0.0953,0.82,150.066,4
spotify:track:5ho74ZlMvEbyhFutCd8SGg,"Holy Ghost","Dopamine","BØRNS",2015-10-16,256653,56,false,kavya1287,2026-01-12T04:19:46Z,"","UMGRI Interscope",0.591,0.874,6,-4.224,0,0.0562,0.00153,0.0000145,0.0602,0.775,89.998,4
spotify:track:6uHFeKZwWzGyIXlLbKi9oz,"I Can Die Now","I Can Die Now","Ruel",2025-07-17,171280,49,true,kavya1287,2025-09-05T22:53:39Z,"","Giant Music",0.662,0.722,7,-3.013,1,0.108,0.157,0,0.101,0.663,146.727,4
spotify:track:6qGVKjUodwfWPg4ZzZiA6S,"Vodka Cranberry","Wishbone","Conan Gray",2025-08-14,245664,74,false,kavya1287,2025-12-17T08:59:55Z,"","Republic Records",0.397,0.655,5,-5.268,1,0.0324,0.498,0.00000187,0.0831,0.449,185.801,4
spotify:track:2S6Ipil5uGPf3ZaFd4Hkto,"Fuzzy Feeling","Backflips in a Restaurant","grentperez;Benny Sings",2025-03-28,176208,51,false,kavya1287,2026-01-01T04:04:23Z,"","Fast Friends",0.729,0.63,8,-5.474,1,0.0318,0.117,0.000554,0.43,0.662,109.027,4
spotify:track:4mDTqEqt0QHQFPNkz8eHjr,"Writing's On The Wall","Kansas Anymore","ROLE MODEL",2024-07-19,169974,81,false,kavya1287,2026-01-05T21:13:50Z,"bedroom pop","Interscope Records",0.57,0.912,4,-5.635,1,0.0555,0.0885,0.00157,0.392,0.789,156.08,4
spotify:track:5LfgzPHvka22FdRAxOme6m,"At The Beach, In Every Life","At The Beach, In Every Life","Gigi Perez",2025-04-25,237809,69,false,kavya1287,2026-01-05T21:21:51Z,"","Outtahere, LLC / Island Records",0.459,0.426,1,-8.581,1,0.0305,0.559,0.00000703,0.154,0.251,84.053,4
spotify:track:6UnCGAEmrbGIOSmGRZQ1M2,"Light On","Heard It In A Past Life","Maggie Rogers",2019-01-18,233880,72,false,kavya1287,2026-01-05T22:08:43Z,"","Capitol Records",0.657,0.569,2,-6.287,1,0.0542,0.201,0.0000138,0.126,0.399,102.054,4
spotify:track:4kbj5MwxO1bq9wjT5g9HaA,"Shut Up and Dance","TALKING IS HARD","WALK THE MOON",2014-12-02,199080,85,false,kavya1287,2026-01-05T23:01:17Z,"","RCA Records Label",0.578,0.866,1,-3.804,1,0.0619,0.00701,0,0.257,0.619,128.038,4
spotify:track:5hc71nKsUgtwQ3z52KEKQk,"Somebody Else","I like it when you sleep, for you are so beautiful yet so unaware of it","The 1975",2016-02-26,347520,74,true,kavya1287,2026-01-06T02:18:14Z,"","The 1975 Artist Deal P/S",0.61,0.788,0,-5.724,1,0.0585,0.195,0.0142,0.153,0.472,101.045,4
spotify:track:4sUreUOAY8aJEGxqPwIWI9,"Backwards","Greetings From Your Hometown","Jonas Brothers",2025-08-08,180340,73,false,kavya1287,2026-01-06T04:26:44Z,"","Republic Records",0.556,0.648,11,-5.796,0,0.0321,0.0143,0.00000218,0.317,0.568,179.014,4
